Type,Name,Request Count,Failure Count,Median Response Time,Average Response Time,Min Response Time,Max Response Time,Average Content Size,Requests/s,Failures/s,50%,66%,75%,80%,90%,95%,98%,99%,99.9%,99.99%,100%
GET,/productpage,22632,54,33000.0,33286.45849897446,878.735386999324,58717.96442300547,4928.933280311064,37.74910218730742,0.09006943788063806,33000,33000,34000,34000,34000,40000,42000,44000,52000,54000,59000
,Aggregated,22632,54,33000.0,33286.45849897446,878.735386999324,58717.96442300547,4928.933280311064,37.74910218730742,0.09006943788063806,33000,33000,34000,34000,34000,40000,42000,44000,52000,54000,59000
