Type,Name,Request Count,Failure Count,Median Response Time,Average Response Time,Min Response Time,Max Response Time,Average Content Size,Requests/s,Failures/s,50%,66%,75%,80%,90%,95%,98%,99%,99.9%,99.99%,100%
GET,/productpage,959,0,112000.0,109302.86230342387,10603.019728994695,173890.7496489992,4942.375391032326,1.6009351784549568,0.0,112000,120000,121000,122000,128000,140000,148000,153000,174000,174000,174000
,Aggregated,959,0,112000.0,109302.86230342387,10603.019728994695,173890.7496489992,4942.375391032326,1.6009351784549568,0.0,112000,120000,121000,122000,128000,140000,148000,153000,174000,174000,174000
