Type,Name,Request Count,Failure Count,Median Response Time,Average Response Time,Min Response Time,Max Response Time,Average Content Size,Requests/s,Failures/s,50%,66%,75%,80%,90%,95%,98%,99%,99.9%,99.99%,100%
GET,/productpage,22968,167,33000.0,32586.650820819323,128.56422999175265,57853.262277989415,4905.869862417277,38.29485992779125,0.2784413796560928,33000,33000,33000,33000,34000,39000,40000,41000,51000,52000,58000
,Aggregated,22968,167,33000.0,32586.650820819323,128.56422999175265,57853.262277989415,4905.869862417277,38.29485992779125,0.2784413796560928,33000,33000,33000,33000,34000,39000,40000,41000,51000,52000,58000
