Type,Name,Request Count,Failure Count,Median Response Time,Average Response Time,Min Response Time,Max Response Time,Average Content Size,Requests/s,Failures/s,50%,66%,75%,80%,90%,95%,98%,99%,99.9%,99.99%,100%
GET,/productpage,679,0,150000.0,146846.66583668924,10532.355310991989,283309.692032999,4956.80412371134,1.1338078989886828,0.0,150000,179000,195000,202000,212000,215000,223000,251000,283000,283000,283000
,Aggregated,679,0,150000.0,146846.66583668924,10532.355310991989,283309.692032999,4956.80412371134,1.1338078989886828,0.0,150000,179000,195000,202000,212000,215000,223000,251000,283000,283000,283000
