Type,Name,Request Count,Failure Count,Median Response Time,Average Response Time,Min Response Time,Max Response Time,Average Content Size,Requests/s,Failures/s,50%,66%,75%,80%,90%,95%,98%,99%,99.9%,99.99%,100%
GET,/productpage,24488,0,4300.0,4372.9195462628095,210.2441900060512,15320.68725800491,4941.157301535446,40.89438451955598,0.0,4300,4500,4600,4700,4900,5400,8100,9600,11000,13000,15000
,Aggregated,24488,0,4300.0,4372.9195462628095,210.2441900060512,15320.68725800491,4941.157301535446,40.89438451955598,0.0,4300,4500,4600,4700,4900,5400,8100,9600,11000,13000,15000
