Type,Name,Request Count,Failure Count,Median Response Time,Average Response Time,Min Response Time,Max Response Time,Average Content Size,Requests/s,Failures/s,50%,66%,75%,80%,90%,95%,98%,99%,99.9%,99.99%,100%
GET,/productpage,22776,29,33000.0,32788.383647632254,36.28106400719844,52675.3476060112,4938.0711714085,37.98218506557881,0.048361580914198524,33000,33000,33000,33000,34000,39000,40000,42000,48000,51000,53000
,Aggregated,22776,29,33000.0,32788.383647632254,36.28106400719844,52675.3476060112,4938.0711714085,37.98218506557881,0.048361580914198524,33000,33000,33000,33000,34000,39000,40000,42000,48000,51000,53000
