Type,Name,Request Count,Failure Count,Median Response Time,Average Response Time,Min Response Time,Max Response Time,Average Content Size,Requests/s,Failures/s,50%,66%,75%,80%,90%,95%,98%,99%,99.9%,99.99%,100%
GET,/productpage,24740,0,4200.0,4270.435132407662,413.00219600088894,12418.66072799894,4941.722231204527,41.26087946683807,0.0,4200,4300,4500,4500,4800,5200,8000,9600,11000,12000,12000
,Aggregated,24740,0,4200.0,4270.435132407662,413.00219600088894,12418.66072799894,4941.722231204527,41.26087946683807,0.0,4200,4300,4500,4500,4800,5200,8000,9600,11000,12000,12000
