Type,Name,Request Count,Failure Count,Median Response Time,Average Response Time,Min Response Time,Max Response Time,Average Content Size,Requests/s,Failures/s,50%,66%,75%,80%,90%,95%,98%,99%,99.9%,99.99%,100%
GET,/productpage,24214,0,4300.0,4461.682569048166,478.24356199998874,15092.544676997932,4939.818782522508,40.37937773044099,0.0,4300,4500,4600,4700,5000,5300,8400,10000,12000,13000,15000
,Aggregated,24214,0,4300.0,4461.682569048166,478.24356199998874,15092.544676997932,4939.818782522508,40.37937773044099,0.0,4300,4500,4600,4700,5000,5300,8400,10000,12000,13000,15000
