Type,Name,Request Count,Failure Count,Median Response Time,Average Response Time,Min Response Time,Max Response Time,Average Content Size,Requests/s,Failures/s,50%,66%,75%,80%,90%,95%,98%,99%,99.9%,99.99%,100%
GET,/productpage,1292,0,80000.0,79651.23252512644,2914.0229810000164,151339.27946499898,4942.083591331269,2.1608418165830248,0.0,80000,85000,87000,93000,105000,109000,111000,123000,137000,151000,151000
,Aggregated,1292,0,80000.0,79651.23252512644,2914.0229810000164,151339.27946499898,4942.083591331269,2.1608418165830248,0.0,80000,85000,87000,93000,105000,109000,111000,123000,137000,151000,151000
