Type,Name,Request Count,Failure Count,Median Response Time,Average Response Time,Min Response Time,Max Response Time,Average Content Size,Requests/s,Failures/s,50%,66%,75%,80%,90%,95%,98%,99%,99.9%,99.99%,100%
GET,/productpage,23428,77,30000.0,31936.206905910294,635.2264460001606,64694.11421698169,4871.979084855729,39.08393009848951,0.1284558057701764,30000,34000,35000,36000,37000,40000,44000,50000,61000,64000,65000
,Aggregated,23428,77,30000.0,31936.206905910294,635.2264460001606,64694.11421698169,4871.979084855729,39.08393009848951,0.1284558057701764,30000,34000,35000,36000,37000,40000,44000,50000,61000,64000,65000
